Series Name,Series Code,Country Name,Country Code,1996 [YR1996],1997 [YR1997],1998 [YR1998],1999 [YR1999],2000 [YR2000],2001 [YR2001],2002 [YR2002],2003 [YR2003],2004 [YR2004],2005 [YR2005],2006 [YR2006],2007 [YR2007],2008 [YR2008],2009 [YR2009],2010 [YR2010],2011 [YR2011],2012 [YR2012],2013 [YR2013],2014 [YR2014],2015 [YR2015],2016 [YR2016]
Individuals using the Internet (% of population),IT.NET.USER.ZS,Afghanistan,AFG,..,..,..,..,..,0.004722568,0.004561395,0.087891253,0.10580903,1.224148084,2.107123645,1.9,1.84,3.55,4,5,5.454545455,5.9,7,8.26,11
Individuals using the Internet (% of population),IT.NET.USER.ZS,Albania,ALB,0.032196828,0.048593919,0.06502737,0.081437045,0.114097347,0.325798377,0.390081273,0.971900415,2.420387798,6.043890864,9.609991316,15.03611541,23.86,41.2,45,47,49.4,51.8,54.3,56.9,59.6
Individuals using the Internet (% of population),IT.NET.USER.ZS,Algeria,DZA,0.001738533,0.010268463,0.020238555,0.199523843,0.491705679,0.646114017,1.59164126,2.195359731,4.634475088,5.843942092,7.375984956,9.451190626,10.18,11.23,12.5,14.9,18.2,22.5,29.5,38.2,42.94552688
Individuals using the Internet (% of population),IT.NET.USER.ZS,American Samoa,ASM,..,..,..,..,..,..,..,..,..,..,..,..,..,..,..,..,..,..,..,..,..
Individuals using the Internet (% of population),IT.NET.USER.ZS,Andorra,AND,1.526601023,3.050175385,6.886209218,7.635686143,10.53883561,..,11.26046872,13.54641288,26.83795439,37.60576622,48.936847,70.87,70.04,78.53,81,81,82.7,84.4,86.1,87.9,89.7
Individuals using the Internet (% of population),IT.NET.USER.ZS,Angola,AGO,0.000775929,0.005673746,0.018453724,0.071964087,0.105045562,0.136013867,0.270376746,0.370682065,0.464814618,1.143366827,1.5,1.7,1.9,2.3,2.8,4.7,7.7,13,21.4,22,23.2
Individuals using the Internet (% of population),IT.NET.USER.ZS,Antigua and Barbuda,ATG,2.858449577,3.480536838,4.0717165,5.300681138,6.482225737,8.899285515,12.5,17.22864878,24.26654372,27,30,34,38,42,47,52,58,63.4,67.78,70,73
Individuals using the Internet (% of population),IT.NET.USER.ZS,Argentina,ARG,0.141954704,0.280339882,0.83076668,3.284481956,7.038683086,9.780807285,10.88212438,11.91369655,16.03668411,17.72058337,20.9272021,25.94663294,28.11262348,34,45,51,55.8,59.9,64.7,68.04306411,70.96898082
Individuals using the Internet (% of population),IT.NET.USER.ZS,Armenia,ARM,0.094572902,0.111650935,0.128659478,0.970737757,1.300470022,1.631094667,1.960405046,4.575217225,4.899008571,5.252983352,5.631787777,6.021253397,6.21,15.3,25,32,37.5,41.9,54.62280586,59.10083377,64.34602977
Individuals using the Internet (% of population),IT.NET.USER.ZS,Aruba,ABW,2.768382663,..,..,4.506179098,15.44282295,17.1,18.8,20.8,23,25.4,28,30.9,52,58,62,69,74,78.9,83.78,88.66122693,93.54245387
Individuals using the Internet (% of population),IT.NET.USER.ZS,Australia,AUS,3.27524987,16.36935838,30.81323944,40.7837839,46.75611561,52.68926643,..,..,..,63,66,69.45,71.67,74.25,76,79.48769771,79,83.45349717,84,84.56051491,86.54
Individuals using the Internet (% of population),IT.NET.USER.ZS,Austria,AUT,6.909162353,9.533974317,15.42121932,23.0443171,33.73013295,39.18545018,36.56,42.7,54.28,58,63.6,69.37,72.87,73.45,75.17,78.7399931,80.02999392,80.6188,80.99582496,83.94014193,84.32374257
Individuals using the Internet (% of population),IT.NET.USER.ZS,Azerbaijan,AZE,0.006354585,0.025187933,0.037485109,0.099228942,0.147757576,0.305564638,4.999713678,..,..,8.030375356,11.99217733,14.54,17.08,27.4,46,50,54.2,73.00000137,75.00001564,77,78.2
Individuals using the Internet (% of population),IT.NET.USER.ZS,"Bahamas, The",BHS,1.746950698,1.362953903,2.33559071,3.764557822,8,11.8,18,20,22,25,26,27,31.54,33.88,43,65,71.74820281,72,76.92,78,80
Individuals using the Internet (% of population),IT.NET.USER.ZS,Bahrain,BHR,0.843254219,1.646299202,3.218202151,4.720358118,6.153732546,15.03863425,18.05072089,21.55494499,21.45868051,21.30373351,28.24395243,32.91,51.95,53,55,76.9999665,88,90.0000397,90.50313348,93.4783008,97.9999807
Individuals using the Internet (% of population),IT.NET.USER.ZS,Bangladesh,BGD,..,0.000751046,0.003684813,0.036170407,0.071039423,0.129807974,0.139920289,0.163877665,0.199036334,0.241637326,1,1.8,2.5,3.1,3.7,4.5,5,6.63,11.9,12.9,18.1
Individuals using the Internet (% of population),IT.NET.USER.ZS,Barbados,BRB,0.389464214,0.783428912,1.970249237,2.376247035,3.973678355,11.93645034,27.83632242,39.68962712,49.8,52.5,55.3,58.2,61.4,64.7,65.1,66.5,71.2,71.8,75.16,76.11,79.54939789
Individuals using the Internet (% of population),IT.NET.USER.ZS,Belarus,BLR,0.029298294,0.049020891,0.073868897,0.494881245,1.860398126,4.300616022,8.950971315,..,..,..,16.2,19.7,23,27.43,31.8,39.64889566,46.91,54.17,59.02,62.23036091,71.11304576
Individuals using the Internet (% of population),IT.NET.USER.ZS,Belgium,BEL,2.968411647,4.93808091,7.886622701,13.77221446,29.43169169,31.28839551,46.33,49.97,53.86,55.82,61.98187002,66.76042024,68.85732214,74.54414555,77.63978551,81.609996,80.71999055,82.1702,85,85.05294175,86.51647666
Individuals using the Internet (% of population),IT.NET.USER.ZS,Belize,BLZ,0.882807327,1.288582302,2.091516391,4.076740564,5.963835303,..,5.684251214,..,9.8,17,24,24.6,26.3,27.2,28.2,30.7,31,33.6,38.7,41.59,44.57574032
Individuals using the Internet (% of population),IT.NET.USER.ZS,Benin,BEN,0.0016931,0.024648796,0.047877304,0.154906741,0.225247851,0.36341789,0.702945595,0.951327115,1.182540965,1.271031439,1.537854346,1.79,1.85,2.24,3.13,4.148323066,4.5,4.9,6,11.25498791,14.5
Individuals using the Internet (% of population),IT.NET.USER.ZS,Bermuda,BMU,16.20246602,24.18925674,32.10375935,39.94758876,42.94986002,47.5096999,52.03159737,56.52201218,60.99086701,65.44706579,69.89965516,74.35059403,82.3,83.25,84.21,88.336,91.29930452,95.3,96.8,98.32360965,98
Individuals using the Internet (% of population),IT.NET.USER.ZS,Bhutan,BTN,..,..,..,0.137571514,0.400944447,0.864628564,1.675802584,2.436912399,3.156984196,3.847106745,4.518317258,5.92,6.55,7.17,13.6,14.4,15.6,22.4,30.3,39.8,46.5
Individuals using the Internet (% of population),IT.NET.USER.ZS,Bolivia,BOL,0.196081174,0.447839036,0.626484062,0.981815187,1.442763585,2.120462534,3.117192947,3.508596401,4.439924601,5.227583957,6.200671255,10.49924432,12.5,16.8,22.4,30,35.34,36.99,34.6,37.49,39.6975146
Individuals using the Internet (% of population),IT.NET.USER.ZS,Bosnia and Herzegovina,BIH,0.015125563,0.059425563,0.14367106,0.1943742,1.08296075,1.200526951,2.648267914,3.965036834,15.46897162,21.326701,25.12238569,27.92,34.66,37.74,42.75,43.88768653,45.06450043,48.52131417,49.91773243,52.6,60.25653543
Individuals using the Internet (% of population),IT.NET.USER.ZS,Botswana,BWA,0.15745423,0.30774685,0.602400929,1.122391474,2.902666622,3.430886787,3.385922351,3.345190174,3.304889253,3.262554036,4.289932975,5.28,6.25,6.15,6,9,16,30,36.74474744,37.31205037,39.36299738
Individuals using the Internet (% of population),IT.NET.USER.ZS,Brazil,BRA,0.450789179,0.786079155,1.477874959,2.038732184,2.870685159,4.528494869,9.149425086,13.2075861,19.07367227,21.02274725,28.17838018,30.88,33.83,39.22,40.65,45.69,48.56,51.04,54.55100188,58.32795173,60.87254007
Individuals using the Internet (% of population),IT.NET.USER.ZS,British Virgin Islands,VGB,..,..,..,..,..,..,18.88574127,..,..,..,..,..,..,36,37,37.4,37.6,..,..,..,77.70142968
Individuals using the Internet (% of population),IT.NET.USER.ZS,Brunei Darussalam,BRN,3.303349927,4.831057905,6.284742844,7.671041206,8.996284534,12.91776908,15.32987986,19.59500322,29.71560414,36.46639195,42.18634916,44.68,46,49,53,56,60.27306504,64.5,68.77,71.2,90
Individuals using the Internet (% of population),IT.NET.USER.ZS,Bulgaria,BGR,0.725251167,1.219813132,1.844965121,2.908154025,5.370923469,7.612297749,9.08,12.04,18.13,19.97,27.09,33.64,39.67,45,46.23,47.97999305,51.89998767,53.0615,55.49,56.65625161,59.82554766
Individuals using the Internet (% of population),IT.NET.USER.ZS,Burkina Faso,BFA,0.000960519,0.018686353,0.045423484,0.061780293,0.077080169,0.157732465,0.200992598,0.373440303,0.400295285,0.469914489,0.632707564,0.75,0.92,1.13,2.4,3,3.725034916,5,6,6.55,7.14
Individuals using the Internet (% of population),IT.NET.USER.ZS,Burundi,BDI,0.000803592,0.007979439,0.015842776,0.039204469,0.077248447,0.106001245,0.118228412,0.201273197,0.349060462,0.542142866,0.65759259,0.7,0.81,0.9,1,1.11,1.219999945,1.264218111,1.4,2,2.2
Individuals using the Internet (% of population),IT.NET.USER.ZS,Cabo Verde,CPV,..,0.24096792,0.472735008,1.159982461,1.822443852,2.685332713,3.518757175,4.324885391,5.31883207,6.074087107,6.808911008,8.28321982,14,21,30,32,34.74,37.5,40.26,42.68301416,50.32281787
Individuals using the Internet (% of population),IT.NET.USER.ZS,Cambodia,KHM,..,0.005844911,0.016324986,0.031969578,0.04702264,0.076956056,0.226983238,0.260570198,0.300436644,0.317321781,0.46835672,0.49,0.51,0.53,1.26,3.1,4.94,6,14,18,32.39845171
Individuals using the Internet (% of population),IT.NET.USER.ZS,Cameroon,CMR,..,0.006768744,0.013216341,0.129067581,0.252120078,0.277051322,0.360871584,0.587622611,0.976075415,1.402654226,2.028744791,2.93,3.4,3.84,4.3,5,7.5,10,16.21487223,18.3,20.6
Individuals using the Internet (% of population),IT.NET.USER.ZS,Canada,CAN,6.76023965,15.07235736,24.8974003,36.18644004,51.3,60.2,61.59329927,64.2,65.95596346,71.66,72.4,73.2,76.7,80.3,80.3,83,83,85.8,87.12,90,91.16
Individuals using the Internet (% of population),IT.NET.USER.ZS,Cayman Islands,CYM,..,..,..,..,..,..,..,..,..,38.03438308,44.5,52,61,64.5,66,69.46594499,69.7,71.4,74.1,77,79
Individuals using the Internet (% of population),IT.NET.USER.ZS,Central African Republic,CAF,0.005849503,0.014270881,0.027878201,0.040894287,0.053394174,0.078543428,0.128537117,0.151563338,0.223401395,0.268195609,0.311159173,0.375815961,1,1.8,2,2.2,2.4,2.5,2.7,2.9,3.1
Individuals using the Internet (% of population),IT.NET.USER.ZS,Chad,TCD,..,0.000658168,0.004268504,0.012321728,0.035707076,0.045934134,0.166069665,0.320308555,0.360920107,0.3992577,0.581045764,0.847224521,1.19,1.5,1.7,1.9,2.1,2.5,2.9,3.5,5.8
Individuals using the Internet (% of population),IT.NET.USER.ZS,Channel Islands,CHI,..,..,..,..,..,..,..,..,..,..,..,..,..,..,..,..,..,..,..,..,..
Individuals using the Internet (% of population),IT.NET.USER.ZS,Chile,CHL,0.68347561,1.057092496,1.662322022,4.103419297,16.6,19.1,22.1,25.47377889,28.17791012,31.17534703,34.49775117,35.9,37.3,41.56,45,52.24960729,55.05,58,61.11,76.62959195,83.55858602
Individuals using the Internet (% of population),IT.NET.USER.ZS,China,CHN,0.013081692,0.032394861,0.168540297,0.708187957,1.775913207,2.639650215,4.595704331,6.2,7.3,8.523257003,10.52315262,16,22.6,28.9,34.3,38.3,42.30011749,45.8,47.9,50.3,53.2
Individuals using the Internet (% of population),IT.NET.USER.ZS,Colombia,COL,0.330017773,0.550521023,1.126225245,1.697730794,2.207532993,2.854199971,4.6,7.388923711,9.118690303,11.00726389,15.34167454,21.8,25.6,30,36.5,40.35091575,48.98,51.7,52.57,55.90497251,58.13649357
Individuals using the Internet (% of population),IT.NET.USER.ZS,Comoros,COM,..,0,0.03787097,0.148162964,0.271740607,0.443068373,0.554869675,0.84818937,1.327327178,2,2.2,2.5,3,3.5,5.1,5.5,5.975296308,6.5,6.98,7.459161386,7.938322771
Individuals using the Internet (% of population),IT.NET.USER.ZS,"Congo, Dem. Rep.",COD,0.000108207,0.000211213,0.000413065,0.001009076,0.005902114,0.011475782,0.092790702,0.134914837,0.196208375,0.238037799,0.29605361,0.37,0.44,0.56,0.72,1.2,1.679961015,2.2,3,3.799999507,6.20997406
Individuals using the Internet (% of population),IT.NET.USER.ZS,"Congo, Rep.",COG,0.00352686,0.003469104,0.003415143,0.016791049,0.026354732,0.032223616,0.157249517,0.460014187,1.07750493,1.46342006,2.007990079,2.759704374,4.287509903,4.5,5,5.6,6.106695024,6.6,7.11,7.615974662,8.121949323
Individuals using the Internet (% of population),IT.NET.USER.ZS,Costa Rica,CRI,0.84105704,1.640221288,2.666378698,3.904323257,5.800253023,9.559482135,19.89485113,20.33361481,20.79230671,22.07,25.1,28.4,32.29,34.33,36.5,39.212196,47.5,45.96,53,59.76295014,65.88044919
Individuals using the Internet (% of population),IT.NET.USER.ZS,Cote d'Ivoire,CIV,0.00840978,0.018828361,0.060974439,0.118685917,0.231461671,0.395747702,0.497929361,0.758669629,0.849282415,1.039238205,1.524900791,1.8,1.9,2,2.7,2.9,4.4,6.6,10,16.7,41.20781493
Individuals using the Internet (% of population),IT.NET.USER.ZS,Croatia,HRV,0.858982368,1.729609312,3.273220279,4.405359119,6.644882544,11.55857318,17.76,22.75,30.91,33.14,37.98,41.44,44.24,50.58,56.55,57.78997899,61.93997315,66.7476,68.57,69.84503592,72.69726967
Individuals using the Internet (% of population),IT.NET.USER.ZS,Cuba,CUB,0.031949001,0.068220214,0.226699199,0.314690541,0.541182549,1.079751722,3.770585038,5.241269054,8.407984759,9.738062208,11.15960131,11.69,12.94,14.33,15.9,16.0172908,21.2,27.93,29.07018437,37.30509742,42.97867519
Individuals using the Internet (% of population),IT.NET.USER.ZS,Curacao,CUW,..,..,..,..,..,..,..,..,..,..,..,..,..,..,..,..,..,..,..,..,61.85551074
Individuals using the Internet (% of population),IT.NET.USER.ZS,Cyprus,CYP,0.673343541,4.378272095,8.890539159,11.34239866,15.25539437,18.81875904,28.32,30.09,33.83,32.81,35.83,40.77,42.31,49.81,52.99,56.85989235,60.6898684,65.4548,69.33,71.71574092,75.9002054
Individuals using the Internet (% of population),IT.NET.USER.ZS,Czechia,CZE,1.940378193,2.915698695,3.895906065,6.832802018,9.780527888,14.69717212,23.93,34.3,35.5,35.27,47.93,51.93,62.97,64.43,68.82,70.49,73.43000782,74.1104,74.23171164,75.6688387,76.4811987
Individuals using the Internet (% of population),IT.NET.USER.ZS,Denmark,DNK,5.714987841,11.38200494,22.66874615,30.59204065,39.17243086,42.95752472,64.25,76.26,80.93,82.74,86.65,85.03,85.02,86.84,88.72,89.81001339,92.26001172,94.6297,95.99,96.33050162,96.96778525
Individuals using the Internet (% of population),IT.NET.USER.ZS,Djibouti,DJI,0.031166241,0.082941498,0.094696004,0.105761909,0.194500528,0.343526263,0.486971705,0.625940229,0.781317175,0.953611449,1.270041159,1.62,2.26,4,6.5,7,9.4,12.7,17,22.9,30.8
Individuals using the Internet (% of population),IT.NET.USER.ZS,Dominica,DMA,1.165518146,..,2.925345191,2.932164377,8.814844198,13.24522804,18.42489277,23.62041985,30.31961309,38.54364326,39.3981743,40.27446301,41.16,42.02,47.45,48.6,49.8,51,57.5,65,67.03
Individuals using the Internet (% of population),IT.NET.USER.ZS,Dominican Republic,DOM,0.074987053,0.142687565,0.233914189,1.104743874,3.704692356,4.429390697,6.823725733,7.898392937,8.865553461,11.48319778,14.84492837,17.66,20.82,27.72,31.4,38,42.32,45.9,49.58,54.21576634,63.87086474
Individuals using the Internet (% of population),IT.NET.USER.ZS,Ecuador,ECU,0.086161276,0.110217959,0.125272771,0.823371634,1.462188536,2.670443674,4.260796915,4.460228345,4.834442638,5.994255161,7.2,10.8,18.8,24.6,29.03,31.36680836,35.13514645,40.27912194,45.59039067,48.94043379,54.06292473
Individuals using the Internet (% of population),IT.NET.USER.ZS,"Egypt, Arab Rep.",EGY,0.061466899,0.090480245,0.147987377,0.290445278,0.641265038,0.838945611,2.719999715,4.037885107,11.92,12.75,13.66,16.03,18.01,20,21.6,25.6,26.4,29.4,33.89460391,37.81938343,41.24806709
Individuals using the Internet (% of population),IT.NET.USER.ZS,El Salvador,SLV,0.086389581,0.256960679,0.425253672,0.845428741,1.177397269,1.5,1.9,2.5,3.2,4.2,5.5,6.11,10.08,12.11,15.9,18.9,20.32138772,23.1093,24.76171215,26.80260496,28.99707305
Individuals using the Internet (% of population),IT.NET.USER.ZS,Equatorial Guinea,GNQ,..,0.041462292,0.094423774,0.097415945,0.132354665,0.165260423,0.321197997,0.520524272,0.843930285,1.149789671,1.279193596,1.557123059,1.82,2.13,6,11.5,13.94318219,16.4,18.86,21.3199999,23.7799999
Individuals using the Internet (% of population),IT.NET.USER.ZS,Eritrea,ERI,0,0.009017718,0.008774236,0.025495028,0.136711941,0.157815289,0.227090138,..,..,..,..,0.41,0.47,0.54,0.61,0.7,0.8,0.9,0.99,1.083733116,1.17711872
Individuals using the Internet (% of population),IT.NET.USER.ZS,Estonia,EST,3.525111129,5.706276548,10.79603483,14.50089724,28.57695381,31.52748977,41.52,45.32,53.2,61.45,63.51,66.19,70.58,72.5,74.1,76.5,78.38992593,80.0043,84.24152803,88.4097035,87.24023275
Individuals using the Internet (% of population),IT.NET.USER.ZS,Eswatini,SWZ,0.050399009,0.088545986,0.096099605,0.4707176,0.926191777,1.28159005,1.816203807,2.437073851,3.228685073,3.696961073,3.696538789,4.1,6.85,8.94,11.04,18.13,20.78178258,24.7,25,25.64304231,28.57
Individuals using the Internet (% of population),IT.NET.USER.ZS,Ethiopia,ETH,0.001703448,0.00496672,0.009663517,0.012541599,0.015263767,0.037162381,0.072402262,0.105811659,0.155334521,0.219659819,0.310592657,0.37,0.45,0.54,0.75,1.1,2.9,4.6,7.7,13.85517556,15.36692386
Individuals using the Internet (% of population),IT.NET.USER.ZS,Faroe Islands,FRO,2.318786811,4.601297566,11.33786848,22.29753835,32.91639236,43.24698352,53.29922183,58.91264097,66.53359947,67.90263174,69.35944512,75.98,75.57,75.18,75.2,80.7321728,85.33518924,90,93.3,94.2,95.10868167
Individuals using the Internet (% of population),IT.NET.USER.ZS,Fiji,FJI,0.064437142,0.223454842,0.633167865,0.942462063,1.496854734,1.857978594,6.1526497,6.725434738,7.412943485,8.453636634,9.6000384,10.89783105,13,17,20,28,33.74235675,35.2,37.4,42.5,49.42
Individuals using the Internet (% of population),IT.NET.USER.ZS,Finland,FIN,16.78007526,19.4586828,25.45252493,32.29509229,37.24846174,43.10536335,62.43,69.22,72.39,74.48,79.66,80.78,83.67,82.49,86.89,88.70999491,89.87999797,91.5144,86.53039275,86.42213333,87.70364996
Individuals using the Internet (% of population),IT.NET.USER.ZS,France,FRA,2.584033979,4.255003872,6.319778722,9.125317889,14.30792394,26.32590355,30.18,36.14,39.15,42.87,46.87,66.09,70.68,71.58,77.28,77.81999899,81.44,81.9198,83.75,78.00603771,79.26981132
Individuals using the Internet (% of population),IT.NET.USER.ZS,French Polynesia,PYF,0.090971944,0.21438525,1.316164696,3.448900232,6.357063545,6.251588946,8.200216486,14.12429379,17.88453743,21.54218547,25.10796425,28.59,33.87,44.6,49,49,52.87663059,56.8,60.68,64.56020975,68.44041949
Individuals using the Internet (% of population),IT.NET.USER.ZS,Gabon,GAB,0,0.047999009,0.17012488,0.249009564,1.216140618,1.347620222,1.939530106,2.659586594,2.9790698,4.89326475,5.489200803,5.767004576,7.5,9.5,13,18,24,30.53803344,38.07120929,45.78453653,48.05227375
Individuals using the Internet (% of population),IT.NET.USER.ZS,"Gambia, The",GMB,0.03550736,0.051311347,0.206094461,0.715827015,0.921794919,1.336791166,1.796779883,2.436781193,3.308003478,3.799001139,5.237691158,6.205037419,6.88,7.63,9.2,10.8703,12.44922872,14,15.56,17.6,19.9
Individuals using the Internet (% of population),IT.NET.USER.ZS,Georgia,GEO,0.040065419,0.060930333,0.102830957,0.416343567,0.484746299,0.992344436,1.58787563,2.558816481,3.886221354,6.079457629,7.526876845,8.26,10.01,20.07,26.9,31.52,36.94,43.3,44,47.56975964,58.45928961
Individuals using the Internet (% of population),IT.NET.USER.ZS,Germany,DEU,3.054805234,6.711087477,9.877852428,20.84598264,30.2163466,31.65093942,48.82,55.9,64.73,68.71,72.16,75.16,78,79,82,81.26999954,82.34999847,84.17,86.19,87.58979935,84.16520664
Individuals using the Internet (% of population),IT.NET.USER.ZS,Ghana,GHA,0.005648763,0.027537542,0.032240443,0.104895466,0.153615298,0.20000806,0.830284034,1.193057911,1.716797704,1.831197461,2.723175973,3.85,4.27,5.44,7.8,9,10.6,15,19,23,28
Individuals using the Internet (% of population),IT.NET.USER.ZS,Gibraltar,GIB,..,2.662907268,4.183794329,5.936978297,19.13163812,21.17110944,23.67023975,28.32577979,32.88608261,39.07013088,45.29864751,51.61,58,65.07,65,65,65.017,..,..,..,94.44447158
Individuals using the Internet (% of population),IT.NET.USER.ZS,Greece,GRC,1.395360779,1.849634688,3.221821786,6.877292144,9.138837308,10.93502581,14.67,17.8,21.42,24,32.25,35.88,38.2,42.4,44.4,51.64999517,55.06999344,59.8663,63.21,66.83495949,69.08791547
Individuals using the Internet (% of population),IT.NET.USER.ZS,Greenland,GRL,1.796719191,7.954504682,14.65444717,21.60261331,31.74781123,35.46413689,44.15478903,54.53425983,56.09901476,57.7034045,59.36168727,61.07,62.82,62.83,63,64,64.8960101,65.8,66.7,67.60044348,68.50087368
Individuals using the Internet (% of population),IT.NET.USER.ZS,Grenada,GRD,0.298032982,0.990883868,1.484854484,2.473166147,4.063907991,5.128103982,14.75884055,18.64518218,19.57062058,20.48780488,21.39599117,22.29,23.18,24.05,27,30,32,35,51.6,52.5,53.3
Individuals using the Internet (% of population),IT.NET.USER.ZS,Guam,GUM,1.356106888,2.344571647,4.50128419,8.497176323,16.11312704,25.38022753,31.19229426,33.71668179,36.16178784,38.55987756,43.851443,46.15047362,48.41870215,50.64202838,54.04,57.7,61.53415931,65.4,69.27,73.13999995,77.00999989
Individuals using the Internet (% of population),IT.NET.USER.ZS,Guatemala,GTM,0.019534871,0.095476021,0.466590444,0.592652945,0.712332905,1.738201782,3.39174627,4.548854908,5.1,5.7,6.5,7.3,8.3,9.3,10.5,12.3,16,19.7,23.4,28.80594156,34.50932609
Individuals using the Internet (% of population),IT.NET.USER.ZS,Guinea,GIN,0.001948942,0.003803109,0.006203369,0.060808919,0.095424924,0.175541868,0.402022749,0.450960371,0.508819332,0.542254181,0.637492123,0.780025279,0.92,0.94,1,2,3.1,4.5,6.4,9.2,13.1
Individuals using the Internet (% of population),IT.NET.USER.ZS,Guinea-Bissau,GNB,..,0.016389063,0.024060421,0.117702448,0.230103171,0.299569145,1.022993234,1.354197478,1.808142203,1.901365316,2.057196705,2.206302237,2.354888711,2.303280592,2.45,2.672,2.893990621,3.1,3.32,6.1,13.8
Individuals using the Internet (% of population),IT.NET.USER.ZS,Guyana,GUY,0.065854115,0.131828033,0.26408811,0.4,0.6,1,1.5,2.4,3.7,5.7,8.9,13.8,18.2,23.9,29.9,30,30.5,31,32,34,35.66
Individuals using the Internet (% of population),IT.NET.USER.ZS,Haiti,HTI,0.007484253,..,0.023999477,0.070658478,0.231270715,0.340832326,0.893432988,1.647358346,5.401261908,6.376201635,6.796000481,7.2,7.6,8.1,8.37,9,9.8,10.6,11.4,14.2,22.8
Individuals using the Internet (% of population),IT.NET.USER.ZS,Honduras,HND,0.043711246,0.170996468,0.301247214,0.573575476,1.203855999,1.415281931,2.597402597,4.8,5.6,6.5,7.8,9.4,9.6,9.8,11.09,15.9,18.12,17.8,23,27.1,29.52821808
Individuals using the Internet (% of population),IT.NET.USER.ZS,"Hong Kong SAR, China",HKG,4.748838672,10.51875705,14.54597958,21.23068197,27.82776068,38.67140323,43.08238303,52.20004335,56.39988039,56.9,60.8,64.8,66.7,69.4,72,72.2,72.9,74.2,79.86627043,84.94835296,87.47941467
Individuals using the Internet (% of population),IT.NET.USER.ZS,Hungary,HUN,0.969239536,1.942449872,3.894643278,5.857840749,6.999676351,14.5285543,16.67,21.63,27.74,38.97,47.06,53.3,61,62,65,68.01998789,70.57999815,72.6439,75.65319745,72.83473703,79.25941213
Individuals using the Internet (% of population),IT.NET.USER.ZS,Iceland,ISL,14.80647932,27.47886875,36.2642065,41.29456671,44.47053382,49.39299537,79.12,83.14,83.88,87,89.51,90.6,91,93,93.39,94.8196868,96.20979955,96.5468,98.16,98.2,98.2400163
Individuals using the Internet (% of population),IT.NET.USER.ZS,India,IND,0.046333977,0.070767849,0.139027329,0.273224277,0.52753245,0.660146377,1.537875582,1.686489971,1.976136492,2.388075,2.805499865,3.95,4.38,5.12,7.5,10.07,11.1,12.3,13.5,14.9,16.5
Individuals using the Internet (% of population),IT.NET.USER.ZS,Indonesia,IDN,0.056623989,0.194910264,0.255306646,0.444415936,0.925563864,2.018613859,2.134135733,2.38701978,2.600285876,3.602024763,4.764813134,5.786274729,7.917479385,6.92,10.92,12.28,14.52,14.94,17.14,22.0627426,25.4473537
Individuals using the Internet (% of population),IT.NET.USER.ZS,"Iran, Islamic Rep.",IRN,0.01582608,0.046756094,0.099815221,0.378569095,0.93419002,1.484221332,4.626175115,6.933721953,7.49,8.1,8.76,9.47,12.02,13.8,15.9,19,22.73,29.95,39.35,45.33497615,53.22677167
Individuals using the Internet (% of population),IT.NET.USER.ZS,Iraq,IRQ,..,..,..,..,..,0.1,0.5,0.6,0.9,0.9,0.952344244,0.93,1,1.06,2.5,5,7.1,9.2,13.21,15.2,19.9
Individuals using the Internet (% of population),IT.NET.USER.ZS,Ireland,IRL,2.199301832,4.08825507,8.096010043,10.93380859,17.85046724,23.13881219,25.85,34.31,36.99,41.61,54.82,61.15832455,65.34,67.38,69.85,74.88997297,76.91999254,78.2477,83.49172234,83.49479167,83.5
Individuals using the Internet (% of population),IT.NET.USER.ZS,Isle of Man,IMN,..,..,..,..,..,..,..,..,..,..,..,..,..,..,..,..,..,..,..,..,..
Individuals using the Internet (% of population),IT.NET.USER.ZS,Israel,ISR,2.1683676,4.399405482,10.30706995,13.43612191,20.87379,17.37862386,17.76459906,19.59339366,22.77048553,25.19404242,27.88107446,48.12806219,59.39,63.12,67.5,68.87387799,70.8,70.25031195,75.01775316,77.35208966,79.65312418
Individuals using the Internet (% of population),IT.NET.USER.ZS,Italy,ITA,1.023289903,2.276737834,4.558519565,14.37841019,23.11087424,27.22211698,28.04,29.04,33.24,35,37.99,40.79,44.53,48.83,53.68,54.3899983,55.82999799,58.4593,55.63846022,58.14173496,61.32425277
Individuals using the Internet (% of population),IT.NET.USER.ZS,Jamaica,JAM,0.591145842,0.797797441,1.978726318,2.355688556,3.115778027,3.863020387,6.1,7.8,10,12.8,16.4,21.1,23.6,24.3,27.67,37.43861341,33.79,37.1,40.4027351,42.22122119,44.36685637
Individuals using the Internet (% of population),IT.NET.USER.ZS,Japan,JPN,4.372981968,9.16307714,13.41404088,21.39129031,29.99074036,38.53206086,46.59420112,48.43526589,62.39392963,66.9210661,68.68527032,74.3,75.4,78,78.21,79.05411352,79.4964,88.21942891,89.10683302,91.05802839,93.18272128
Individuals using the Internet (% of population),IT.NET.USER.ZS,Jordan,JOR,0.044938549,0.599341106,1.305888264,2.526965353,2.623275422,4.705719581,6.025532412,8.466005016,11.65874137,12.93285205,13.86710879,20,23,26,27.2,34.9,37,41.4,46.2,54.22,56.15
Individuals using the Internet (% of population),IT.NET.USER.ZS,Kazakhstan,KAZ,0.031824512,0.064596754,0.131069604,0.464277218,0.668594403,1.006124211,1.674770995,2.000414753,2.650394657,2.961707492,3.268369051,4.02,11,18.2,31.6,50.6,61.90662747,63.30422443,66,70.8299336,74.58772647
Individuals using the Internet (% of population),IT.NET.USER.ZS,Kenya,KEN,0.008839115,0.034406051,0.050261388,0.114256028,0.318059714,0.619782266,1.207773885,2.941902861,3.023528042,3.101897702,3.6,4.4,5.2,6.1,7.2,8.8,10.5,13,16.5,16.58785485,16.6
Individuals using the Internet (% of population),IT.NET.USER.ZS,Kiribati,KIR,..,..,0.616545618,1.211577838,1.785225474,2.337458948,2.5,3,3.5,4,4.5,6,7,8.97,9.07,10,10.74679768,11.5,12.25,14.9,19.41939784
Individuals using the Internet (% of population),IT.NET.USER.ZS,"Korea, Dem. People's Rep.",PRK,..,0,0,0,0,0,0,0,0,0,0,0,0,0,0,0,0,0,..,..,..
Individuals using the Internet (% of population),IT.NET.USER.ZS,"Korea, Rep.",KOR,1.624237192,3.600801564,6.781815468,23.55219445,44.7,56.6,59.4,65.5,72.7,73.5,78.1,78.8,81,81.6,83.7,83.75912015,84.07,84.77,87.55682649,89.8962558,92.84302568
Individuals using the Internet (% of population),IT.NET.USER.ZS,Kosovo,XKX,..,..,..,..,..,..,..,..,..,..,..,..,..,..,..,..,..,..,..,..,..
Individuals using the Internet (% of population),IT.NET.USER.ZS,Kuwait,KWT,0.855662317,2.174535859,3.052397455,4.756222209,6.731395768,8.551792434,10.24896793,22.40293838,22.92711204,25.92610837,28.79119795,34.8,42,50.8,61.4,65.76907069,70.45,75.46,78.7,82,85.6
Individuals using the Internet (% of population),IT.NET.USER.ZS,Kyrgyz Republic,KGZ,..,..,0.072808334,0.20471135,1.041401145,3.002941327,2.99926518,3.908766268,5.090385307,10.53380134,12.306907,14.03,15.7,16,16.3,17.5,19.8,23,28.3,30.24704278,40.5
Individuals using the Internet (% of population),IT.NET.USER.ZS,Lao PDR,LAO,..,..,0.009657814,0.037780708,0.111044032,0.181664461,0.267899241,0.333912466,0.36143449,0.85035749,1.169893428,1.64,3.55,6,7,9,10.74767619,12.5,14.26,18.2,21.87
Individuals using the Internet (% of population),IT.NET.USER.ZS,Latvia,LVA,0.812717072,2.053454712,3.315267886,4.387409055,6.319062083,7.219345808,21.94,26.98,38.58,46,53.63,59.17,63.41,66.84,68.42,69.74995456,73.11994377,75.2344,75.83,79.20058292,79.84209778
Individuals using the Internet (% of population),IT.NET.USER.ZS,Lebanon,LBN,0.140166939,1.241079739,2.722352199,5.376809498,7.952743736,6.783219775,7,8,9,10.14,15,18.74,22.53,30.14,43.68,52,61.24978572,70.5,73,74,76.11
Individuals using the Internet (% of population),IT.NET.USER.ZS,Lesotho,LSO,0.00284594,0.005584433,0.010956533,0.05380446,0.21180607,0.261150063,1.083943137,1.53249659,2.175524339,2.580245484,2.979708187,3.44543126,3.58,3.72,3.86,7,10,15,22,25,32.45385695
Individuals using the Internet (% of population),IT.NET.USER.ZS,Liberia,LBR,..,0.004489443,0.004099387,0.011328732,0.017702706,0.033812227,0.032713307,0.031868935,0.031011185,..,..,0.551376581,0.53,2,2.3,2.5,2.6,3.2,5.41,10,15.7
Individuals using the Internet (% of population),IT.NET.USER.ZS,Libya,LBY,..,..,..,0.133617289,0.187042622,0.366533175,2.244418222,2.814517987,3.532838162,3.917787977,4.301051789,4.721999379,9,10.8,14,14,15.2,16.5,17.76,..,..
Individuals using the Internet (% of population),IT.NET.USER.ZS,Liechtenstein,LIE,..,..,..,..,36.51522989,45.11685265,59.47071067,58.80969184,64.00744814,63.37135615,64.21416136,65.08021844,70,75,80,85,89.4077,93.8,95.21,96.6411951,98.09390389
Individuals using the Internet (% of population),IT.NET.USER.ZS,Lithuania,LTU,0.277421291,0.978422157,1.972063745,2.9230547,6.427067495,7.179356994,17.69,25.91,31.23,36.22,43.9,49.9,55.22,59.76,62.12,63.6399774,67.22998933,68.4529,72.13,71.37805901,74.37664556
Individuals using the Internet (% of population),IT.NET.USER.ZS,Luxembourg,LUX,5.551653306,7.142704085,11.74555372,17.3879578,22.88732797,36.16342251,39.84,54.55,65.88,70,72.51,78.92,82.23,87.31,90.62,90.02985856,91.94992374,93.7765,94.67,96.37671417,98.13669867
Individuals using the Internet (% of population),IT.NET.USER.ZS,"Macao SAR, China",MAC,0.727273598,2.364127672,7.003324245,9.212005085,13.60858974,22.52121677,25.17188016,25.74212398,31.48409738,34.86292717,46.4,47.327,49.24,54,55.198,60.20369672,61.31,65.8,69.78,77.60013186,81.64298546
Individuals using the Internet (% of population),IT.NET.USER.ZS,Madagascar,MDG,0.003695196,0.014333647,0.062561023,0.168608781,0.196394691,0.222511586,0.339720155,0.423252419,0.525353655,0.567721802,0.607552239,0.65,1.65,1.63,1.7,1.9,2.3,3,3.7,4.17397219,4.713662899
Individuals using the Internet (% of population),IT.NET.USER.ZS,Malawi,MWI,..,0.004668518,0.018057365,0.087278755,0.126780945,0.164020725,0.215094727,0.278815116,0.347505335,0.384489334,0.42513749,0.965864737,0.7,1.07,2.26,3.33,4.3506,5.05,5.83,6,6.3
Individuals using the Internet (% of population),IT.NET.USER.ZS,Malaysia,MYS,0.852044466,2.307393234,6.751770483,12.3055022,21.38473116,26.6959725,32.33820434,34.97115234,42.25226563,48.62917025,51.63798899,55.7,55.8,55.9,56.3,61,65.8,57.05751226,63.66542588,71.06406781,78.78830993
Individuals using the Internet (% of population),IT.NET.USER.ZS,Maldives,MDV,0.22693009,0.309444238,0.569627464,1.119908615,2.203872939,3.617290649,5.347765169,5.97659285,6.588254875,6.869605067,11.03635278,16.3,23.2,24.8,26.53,34,38.9301,44.1,49.28,54.46195515,59.5
Individuals using the Internet (% of population),IT.NET.USER.ZS,Mali,MLI,0.002055228,0.010085919,0.019793888,0.060909873,0.142545755,0.185897413,0.227045578,0.310364443,0.43281964,0.507063136,0.729627281,0.81,1.57,1.8,2,2.2,2.8,3.5,7,10.33,14
Individuals using the Internet (% of population),IT.NET.USER.ZS,Malta,MLT,1.051527475,3.920605132,6.500783995,7.759798038,13.11370871,17.87784832,28.92,31.64,34.62,41.24,40.41,46.9,50.08,58.86,63,68.01982379,68.19987429,68.9138,73.17,75.96001898,78.0751488
Individuals using the Internet (% of population),IT.NET.USER.ZS,Marshall Islands,MHL,0.037059432,..,..,0.966071567,1.534271796,1.706614078,2.335444575,2.569750367,3.599776814,3.878702398,3.795590214,3.95,4.6,5.6,7,10,12.5,14,16.8,19.2824418,29.78777936
Individuals using the Internet (% of population),IT.NET.USER.ZS,Mauritania,MRT,..,0.004172527,0.040594795,0.118464464,0.192031462,0.261448552,0.363229415,0.424004896,0.481470438,0.669966475,0.979661253,1.433613196,1.87,2.28,4,4.5,5,6.2,11.8,17.6,24.1
Individuals using the Internet (% of population),IT.NET.USER.ZS,Mauritius,MUS,0.183769158,0.475629193,2.565279962,4.652213227,7.281535115,8.780904019,10.25262467,12.1871062,13.68908859,15.17222875,16.7,20.22,21.81,22.51,28.33,34.95,35.42,40.11682514,44.80327537,50.13931848,52.19132594
Individuals using the Internet (% of population),IT.NET.USER.ZS,Mexico,MEX,0.20040628,0.62731154,1.265783278,1.857436221,5.081384153,7.038023117,11.9,12.9,14.1,17.21,19.52,20.81,21.71,26.34,31.05,37.17629541,39.75,43.46,44.39,57.43104299,59.540446
Individuals using the Internet (% of population),IT.NET.USER.ZS,"Micronesia, Fed. Sts.",FSM,0.278037795,0.570676845,1.858718785,2.797594069,3.734862137,4.660527199,5.570099705,9.2325021,11.01786731,11.8813691,12.75033925,13.62113273,14.49,15.35,20,22.8,25.974423,27.8,29.65,31.50108128,33.35216255
Individuals using the Internet (% of population),IT.NET.USER.ZS,Moldova,MDA,0.004643901,0.028128808,0.260818206,0.600695269,1.282846417,1.487812952,3.787242799,7.407544584,10.62939084,14.63027046,19.62064771,20.45,23.39,27.5,29.68,32.07,34.65,37.44,40.5,43.1,46.7
Individuals using the Internet (% of population),IT.NET.USER.ZS,Monaco,MCO,..,..,..,..,42.18486345,46.64614236,48.04711717,49.49116892,52.49019668,55.46482606,61.47603971,64.3776824,67.25,70.1,75,80.3,87,90.7,92.4,93.36330202,95.20817797
Individuals using the Internet (% of population),IT.NET.USER.ZS,Mongolia,MNG,0.018160749,0.112742554,0.145810542,0.50847156,1.255652004,1.653238239,2.039572603,..,..,..,..,9,9.8,10,10.2,12.49999111,16.4,17.69998424,19.94244743,22.50000413,22.2657705
Individuals using the Internet (% of population),IT.NET.USER.ZS,Montenegro,MNE,..,..,..,..,..,..,..,..,25.3500686,27.1,28.9,30.8,32.9,35.1,37.5,35.61154125,56.83878255,60.31,61,68.11978601,69.88164684
Individuals using the Internet (% of population),IT.NET.USER.ZS,Morocco,MAR,0.005675444,0.021635203,0.142300767,0.175595345,0.693791245,1.371438101,2.373253192,3.353366681,11.60793477,15.08444452,19.77119157,21.5,33.1,41.3,52,46.1074826,55.41605319,56,56.8,57.07999935,58.27123642
Individuals using the Internet (% of population),IT.NET.USER.ZS,Mozambique,MOZ,0.003042979,0.011842611,0.020197055,0.056250629,0.10959253,0.160031947,0.259612611,0.419538844,0.679447835,0.854357118,0.842954488,0.91,1.56,2.68,4.17,4.6,5,5.5,6,6.5,7
Individuals using the Internet (% of population),IT.NET.USER.ZS,Myanmar,MMR,..,..,..,0.000151709,..,0.000289277,0.000426494,0.024064149,0.024337392,0.065238856,0.182048331,0.217128445,0.22,0.22,0.25,0.98,1.4,1.8,7.4,10.9,16
Individuals using the Internet (% of population),IT.NET.USER.ZS,Namibia,NAM,0.009032145,0.058750679,0.286745093,0.336217708,1.644739547,2.416979442,2.633699769,3.359839886,3.804715615,4.010046644,4.398870647,4.835610778,5.329003772,6.5,11.6,12,12.9414,13.9,14.84,25.68785182,31.03334594
Individuals using the Internet (% of population),IT.NET.USER.ZS,Nauru,NRU,..,..,..,..,..,2.987155233,..,..,..,..,..,..,..,..,..,54,..,..,..,..,..
Individuals using the Internet (% of population),IT.NET.USER.ZS,Nepal,NPL,0.004510473,0.021998858,0.064393596,0.146668869,0.204651684,0.240015303,0.31295606,0.382810917,0.449843651,0.826551266,1.141389164,1.41,1.73,1.97,7.93,9,11.1493,13.3,15.44,17.58161801,20.7
Individuals using the Internet (% of population),IT.NET.USER.ZS,Netherlands,NLD,9.649069145,14.0655114,22.24382769,39.17600725,43.98435137,49.37306211,61.29,64.35,68.52,81,83.7,85.82,87.42,89.63,90.72,91.41999576,92.85999236,93.9564,91.666666,91.72413793,90.4109589
Individuals using the Internet (% of population),IT.NET.USER.ZS,New Caledonia,NCL,0.252983946,0.989334969,1.936042825,5.688147323,13.93954882,18.23710978,22.38979742,26.40833447,30.29804621,32.35901475,33.51571468,35.05,34.51,33.99,42,50,58,66,70,74.00175279,..
Individuals using the Internet (% of population),IT.NET.USER.ZS,New Zealand,NZL,8.041899368,14.6015244,31.63626081,41.49448266,47.37955654,53.24101529,59.08075328,60.96253987,61.84762781,62.72021237,69,69.76,72.03,79.7,80.46,81.23,81.64447018,82.78,84,85.2,86.5
Individuals using the Internet (% of population),IT.NET.USER.ZS,Nicaragua,NIC,0.084093291,0.206216818,0.303808975,0.497901643,0.980216487,1.448799428,1.714729584,1.880412532,2.320664609,2.566351177,2.805573063,3.9,5.3,7.3,10,10.6,13.5,15.5,17.6,19.7042915,24.57183396
Individuals using the Internet (% of population),IT.NET.USER.ZS,Niger,NER,0.001039305,0.002008766,0.002911503,0.028136022,0.036261294,0.105185431,0.127152469,0.155698704,0.189933734,0.221341351,0.294033977,0.39039062,0.7,0.76,0.83,0.9,1.05,1.15,1.248675689,2.476219975,4.32275803
Individuals using the Internet (% of population),IT.NET.USER.ZS,Nigeria,NGA,0.00883298,0.017237401,0.025231461,0.041038723,0.064080808,0.08990137,0.320461976,0.558576245,1.286137641,3.549155718,5.545036083,6.77,8,9.3,11.5,13.8,16.1,19.1,21,24.5,28.5
Individuals using the Internet (% of population),IT.NET.USER.ZS,North Macedonia,MKD,0.075995734,0.503985009,1.002861666,1.49733026,2.485566316,3.468184608,17.33,19.07,24.44,26.45,28.62,36.3,46.04,51.77,51.9,56.7,57.44994731,65.24,68.06,70.38020308,72.15681447
Individuals using the Internet (% of population),IT.NET.USER.ZS,Northern Mariana Islands,MNP,..,..,..,..,..,..,..,..,..,..,..,..,..,..,..,..,..,..,..,..,..
Individuals using the Internet (% of population),IT.NET.USER.ZS,Norway,NOR,18.25031077,20.41788144,22.56011255,40,52,64,72.84,78.13,77.69,81.99,82.55,86.93,90.57,92.08,93.39,93.48998265,94.64997805,95.0534,96.3,96.81032569,97.29820367
Individuals using the Internet (% of population),IT.NET.USER.ZS,Oman,OMN,0,0.439792805,0.862725306,2.515665987,3.520421417,5.893841521,6.873396039,7.255742945,6.75885217,6.68358142,8.299716673,16.68,20,26.8,35.8278,48,60,66.45,70.22,73.53,76.84539047
Individuals using the Internet (% of population),IT.NET.USER.ZS,Pakistan,PAK,0.00299173,0.027549238,0.043947719,0.055357238,..,1.318550779,2.577426737,5.041158126,6.164320985,6.332329098,6.5,6.8,7,7.5,8,8,8.1,9,10,11,12.38544676
Individuals using the Internet (% of population),IT.NET.USER.ZS,Palau,PLW,..,..,..,..,..,..,20.24393947,21.60152718,26.97033263,..,..,..,..,..,..,..,..,..,..,..,..
Individuals using the Internet (% of population),IT.NET.USER.ZS,Panama,PAN,0.219998526,0.539065541,2.750648071,3.836864509,6.554796477,7.268399878,8.518077815,9.987424077,11.14086254,11.48400928,17.34956617,22.29,33.82,39.08,40.1,42.7,40.30189522,44.03,44.92,51.20542499,54
Individuals using the Internet (% of population),IT.NET.USER.ZS,Papua New Guinea,PNG,0.002067023,0.100588321,0.234958542,0.667113315,0.835249302,0.904103545,1.321656935,1.374404668,1.507912772,1.716190476,1.754487261,1.790559361,1.15,1.61,1.28,2,3.5,5.1,6.5,7.9,9.601538462
Individuals using the Internet (% of population),IT.NET.USER.ZS,Paraguay,PRY,0.020359612,0.099576719,0.194904951,0.38165732,0.747630712,1.098793836,1.794969598,2.111942082,3.452438431,7.907007861,7.962073884,11.21,14.27,18.9,19.8,24.76351588,29.34,36.9,43,49.71630466,53.40412748
Individuals using the Internet (% of population),IT.NET.USER.ZS,Peru,PER,0.24623258,0.403429701,1.19038044,1.952497608,3.076430611,7.578762957,8.96694917,11.6,14.1,17.1,20.7,25.2,30.57,31.4,34.77,36.01,38.2,39.2,40.2,40.85260091,45.46174069
Individuals using the Internet (% of population),IT.NET.USER.ZS,Philippines,PHL,0.055946029,0.136912963,1.103405994,1.431608803,1.982253196,2.52400566,4.332275746,4.857672267,5.243628452,5.397636329,5.740586325,5.97,6.22,9,25,29,30.8,32.7,34.7,36.9,39.2
Individuals using the Internet (% of population),IT.NET.USER.ZS,Poland,POL,1.295200255,2.073465474,4.102272002,5.45644373,7.285428708,9.900669707,21.15,24.87,32.53,38.81,44.58,48.6,53.13,58.97,62.32,61.94999897,62.30999727,62.8492,66.6,67.99698716,73.3007041
Individuals using the Internet (% of population),IT.NET.USER.ZS,Portugal,PRT,2.98087767,4.953001955,9.870446442,14.74233784,16.43046769,18.08713656,19.37,29.67,31.78,34.99,38.01,42.09,44.13,48.27,53.3,55.24999688,60.33999749,62.0956,64.59,68.63286148,70.42356709
Individuals using the Internet (% of population),IT.NET.USER.ZS,Puerto Rico,PRI,0.268160428,1.331822159,2.647646679,5.265682651,10.47464821,15.63003092,17.54764757,19.70702566,22.13073823,23.40005045,25.44241821,27.86,38,41.5,45.3,48,68.9999826,68.99999,69,63.46633538,68.6438072
Individuals using the Internet (% of population),IT.NET.USER.ZS,Qatar,QAT,0.930185833,3.083749186,3.52002985,4.070728915,4.863679179,6.170268561,10.22612893,19.24233642,20.70164785,24.73349378,28.97411271,37,44.3,53.1,69,69,69.3,85.3,91.49,92.88482645,95.12466217
Individuals using the Internet (% of population),IT.NET.USER.ZS,Romania,ROU,0.221622649,0.445444676,2.237649473,2.697580217,3.613717291,4.538669029,6.58,8.9,15,21.5,24.66,28.3,32.42,36.6,39.93,40.00999678,45.87999425,49.7645,54.08,55.76315563,59.50395129
Individuals using the Internet (% of population),IT.NET.USER.ZS,Russian Federation,RUS,0.26975293,0.472963763,0.812744451,1.018984614,1.977230109,2.944367787,4.128271818,8.298860616,12.8593889,15.2266732,18.02327746,24.66,32,42.55,49,58,66,67.97,70.52,70.09924123,73.09143462
Individuals using the Internet (% of population),IT.NET.USER.ZS,Rwanda,RWA,0.000883372,0.001625791,0.011763573,0.067176482,0.06283146,0.24067241,0.292784719,0.356918467,0.430854243,0.556041165,..,2.115387178,4.5,7.7,8,7,8.023854277,9,10.6,12.5,14.6
Individuals using the Internet (% of population),IT.NET.USER.ZS,Samoa,WSM,..,0.174571863,0.230359015,0.285308333,0.566392533,1.689902831,2.244832676,2.799630449,3.07552941,3.352592112,4.469173873,4.749983235,5.031615316,6,7,11,12.92249,15.3,21.2,25.40700977,31.7
Individuals using the Internet (% of population),IT.NET.USER.ZS,San Marino,SMR,1.428075186,1.41854848,1.408557941,42.80331575,48.79949531,50.34166909,50.83483994,50.00345304,50.56634304,50.2595642,50.20865936,50.36482211,54.52,54.21,..,49.6,..,..,..,..,..
Individuals using the Internet (% of population),IT.NET.USER.ZS,Sao Tome and Principe,STP,..,..,0.295847047,0.363203161,4.638516816,6.310917888,7.580665169,10.16184431,13.32285269,13.75948422,14.18201978,14.5904832,15.48,16.41,18.75,20.1612,21.5724,23,24.41,25.82,28
Individuals using the Internet (% of population),IT.NET.USER.ZS,Saudi Arabia,SAU,0.026732651,0.052099031,0.101429893,0.49358534,2.210691809,4.681053166,6.38470502,8.001582891,10.234533,12.70503599,19.45955435,30,36,38,41,47.5,54,60.5,64.71365737,69.6162358,74.87927469
Individuals using the Internet (% of population),IT.NET.USER.ZS,Senegal,SEN,0.011238219,0.027347441,0.079871379,0.311090952,0.403967486,0.983794059,1.006454537,2.10143643,4.38602398,4.786684083,5.611738652,6.89,7.12,7.5,8,9.8,10.8,13.1,17.7,21.7,25.66476804
Individuals using the Internet (% of population),IT.NET.USER.ZS,Serbia,SRB,..,..,..,..,..,..,..,..,23.5,26.3,27.2,33.15,35.6,38.1,40.9,42.2,48.1,53.45036418,62.07508046,65.3170254,67.05684137
Individuals using the Internet (% of population),IT.NET.USER.ZS,Seychelles,SYC,0.651474286,1.28295593,2.526177514,6.229054803,7.395629183,11.01510293,14.30417083,14.59250432,24.27213922,25.41326815,34.95197117,38.38,40.44,..,41,43.16400446,47.076,50.4,51.25470199,54.25961786,56.51470815
Individuals using the Internet (% of population),IT.NET.USER.ZS,Sierra Leone,SLE,0.002506116,0.004987835,0.014805065,0.048490656,0.118254246,0.160264445,0.176198957,0.190173282,0.203007681,0.21539161,0.227669467,0.239834699,0.25,0.26,0.58,0.9,2.5,4,6.057298984,6.344421603,11.77318438
Individuals using the Internet (% of population),IT.NET.USER.ZS,Singapore,SGP,8.34995903,13.47162042,19.59076716,24.15543693,36,41.67042518,47,53.83794329,62,61,59,69.9,69,69,71,71,72,80.90205685,82.1,83.2,84.45226789
Individuals using the Internet (% of population),IT.NET.USER.ZS,Sint Maarten (Dutch part),SXM,..,..,..,..,..,..,..,..,..,..,..,..,..,..,..,..,..,..,..,..,..
Individuals using the Internet (% of population),IT.NET.USER.ZS,Slovak Republic,SVK,0.783290109,1.173381014,2.689809786,5.437758139,9.426803201,12.52832185,40.14,43.04,52.89,55.19,56.08,61.8,66.05,70,75.71,74.43999717,76.70999012,77.8826,79.98,77.63468203,80.47585728
Individuals using the Internet (% of population),IT.NET.USER.ZS,Slovenia,SVN,5.072272271,7.591923004,10.10460285,12.61093843,15.11025956,30.17591047,27.83888542,31.85479301,40.81,46.81,54.01,56.74,58,64,70,67.33999481,68.34997453,72.6756,71.59,73.09865997,75.49850426
Individuals using the Internet (% of population),IT.NET.USER.ZS,Solomon Islands,SLB,0.268683585,0.391923246,0.508292797,0.494541498,0.481296806,0.468551964,0.501919843,0.555609882,0.649672673,0.844307573,1.646347989,2,3,4,5,6,6.9974,8,9,10.00046498,11.00090227
Individuals using the Internet (% of population),IT.NET.USER.ZS,Somalia,SOM,0.00150955,0.002948713,0.00716442,0.013910394,0.02,0.079039179,0.115614213,0.376198003,1.053454744,1.077327839,1.100216368,1.122235622,1.142687372,1.160610542,..,1.25,1.3767,1.5,1.63,1.76,1.88
Individuals using the Internet (% of population),IT.NET.USER.ZS,South Africa,ZAF,0.841882931,1.632093791,2.906220867,4.116249583,5.348559732,6.346619318,6.710322437,7.007691726,8.425118683,7.48854253,7.607139675,8.065375174,8.43,10,24,33.97,41,46.5,49,51.91911572,54
Individuals using the Internet (% of population),IT.NET.USER.ZS,South Sudan,SSD,..,..,..,..,..,..,..,..,..,..,..,..,..,..,..,..,..,2.2,2.6,3,3.5
Individuals using the Internet (% of population),IT.NET.USER.ZS,Spain,ESP,1.331847404,2.803319625,4.361892394,7.085039678,13.62496081,18.14872269,20.39,39.93,44.01,47.88,50.37,55.11,59.6,62.4,65.8,67.08999939,69.80999994,71.635,76.19,78.68963187,80.56133294
Individuals using the Internet (% of population),IT.NET.USER.ZS,Sri Lanka,LKA,0.054464499,0.162464548,0.296351104,0.348414425,0.647410011,0.793821864,1.050422706,1.458580228,1.44615998,1.792046794,2.537566129,3.88,..,..,..,..,..,..,10.5,15.26,22.19
Individuals using the Internet (% of population),IT.NET.USER.ZS,St. Kitts and Nevis,KNA,1.945569823,2.258559942,3.343810607,4.400440044,5.86281024,7.714726556,21.15238176,22.96978429,24.73767754,34,38.5,43.5,49.2,55.7,63,63.2,64,64.6,68,75.7,76.81767491
Individuals using the Internet (% of population),IT.NET.USER.ZS,St. Lucia,LCA,0.670465974,0.992168483,1.304988973,1.932105802,5.090483341,8.181863954,14.64183577,20.98247346,21.39521236,21.56758295,24.5,27.9,30,31,32.5,34,45.865,49.4,53.2,57.3,61.7
Individuals using the Internet (% of population),IT.NET.USER.ZS,St. Martin (French part),MAF,..,..,..,..,..,..,..,..,..,..,..,..,..,..,..,..,..,..,..,..,..
Individuals using the Internet (% of population),IT.NET.USER.ZS,St. Vincent and the Grenadines,VCT,0.483248317,0.926371957,1.853997683,2.7820023,3.245037411,5.094809778,5.54959488,6.462274167,7.371165842,9.198278082,12,16,21,31,33.7,36.7,40,43.5,47.4,49.4,51.5
Individuals using the Internet (% of population),IT.NET.USER.ZS,Sudan,SDN,0,0.001231819,0.004805071,0.008794581,0.025785032,0.140185224,0.439477639,0.538471703,0.791561615,1.292040678,..,8.66,..,..,..,..,..,..,..,..,14.09999994
Individuals using the Internet (% of population),IT.NET.USER.ZS,Suriname,SUR,0.226306297,1.003086936,1.670148436,1.891871357,2.506411052,3.064448389,4.161568745,4.719875395,6.076047814,6.403086288,9.499626942,14.11,21.06,31.36,31.59,32,34.6812,37.4,40.08,42.76382778,45.4
Individuals using the Internet (% of population),IT.NET.USER.ZS,Sweden,SWE,9.04359976,23.72794756,33.46751233,41.43278316,45.68765221,51.76566494,70.57,79.13,83.89,84.83,87.76,82.01,90,91,90,92.76998606,93.17998801,94.7836,92.52,90.61019664,89.65094761
Individuals using the Internet (% of population),IT.NET.USER.ZS,Switzerland,CHE,4.549656748,15.1,24.8,34,47.1,55.1,61.4,65.1,67.8,70.1,75.7,77.2,79.2,81.3,83.9,85.19302818,85.2,86.34,87.4,87.4790556,89.13468774
Individuals using the Internet (% of population),IT.NET.USER.ZS,Syrian Arab Republic,SYR,0,0.032607814,0.063687286,0.124295462,0.18169858,0.35375913,2.093101019,3.397972614,4.321593778,5.648106049,7.832551569,11.5,14,17.3,20.7,22.5,24.3001,26.2,28.09,29.97979724,31.86962727
Individuals using the Internet (% of population),IT.NET.USER.ZS,Tajikistan,TJK,..,..,..,0.032791858,0.048599595,0.051259133,0.055462827,0.064583777,0.077479907,0.298690024,3.772406207,7.197619518,8.78,10.07,11.55,13.03,14.51,16,17.49,18.98,20.47
Individuals using the Internet (% of population),IT.NET.USER.ZS,Tanzania,TZA,0.001622155,0.007900283,0.009244125,0.075130889,0.11719444,0.171300351,0.222484414,0.676962857,0.877574971,1.1,1.3,1.6,1.9,2.4,2.9,3.2,3.95,4.4,7,10,13.50423285
Individuals using the Internet (% of population),IT.NET.USER.ZS,Thailand,THA,0.115472136,0.360522185,1.091218985,2.426242432,3.689041279,5.556326121,7.531250335,9.299027238,10.67730332,15.02600436,17.16071472,20.03,18.2,20.1,22.4,23.66992562,26.46,28.94,34.89,39.31612674,47.50496562
Individuals using the Internet (% of population),IT.NET.USER.ZS,Timor-Leste,TLS,..,..,..,..,..,..,0,0,0,0.099031768,0.5,1,1.5,2,3,4,7,11,17.5,18.6,21.2
Individuals using the Internet (% of population),IT.NET.USER.ZS,Togo,TGO,0.010929139,0.211139465,0.305583935,0.590363264,0.8,0.9,1,1.2,1.5,1.8,2,2.2,2.4,2.6,3,3.5,4,4.5,5.7,7.12,11.31
Individuals using the Internet (% of population),IT.NET.USER.ZS,Tonga,TON,0.163793456,0.510866122,0.765134358,1.01796712,2.434398044,2.825371839,2.907297316,2.985817368,3.952373895,4.907782762,5.853944095,7.179865329,8.110769944,10,16,25,30,32.75396061,35.95444145,38.65127243,39.95
Individuals using the Internet (% of population),IT.NET.USER.ZS,Trinidad and Tobago,TTO,0.393080525,1.173174658,2.724825339,5.814250962,7.721411474,15.38462722,21.99867548,25.97176411,27.02427008,28.97671243,30.00374858,32.3,34.8,44.3,48.5,55.2,57.5,59.9,62.4,65.1,67.8
Individuals using the Internet (% of population),IT.NET.USER.ZS,Tunisia,TUN,0.027615372,0.043656974,0.107940957,1.602494764,2.750740293,4.297966035,5.252887295,6.490845795,8.528817752,9.655086542,12.98640865,17.1,27.53,34.07,36.8,39.1,41.4416,43.8,46.16,46.49999434,49.59999484
Individuals using the Internet (% of population),IT.NET.USER.ZS,Turkiye,TUR,0.192724936,0.473695432,0.698805129,2.292117685,3.761685035,5.189481461,11.38,12.33,14.58,15.46,18.24,28.63,34.37,36.4,39.82,43.06571043,45.13,46.25,51.04,53.74497914,58.34773401
Individuals using the Internet (% of population),IT.NET.USER.ZS,Turkmenistan,TKM,..,..,..,0.04502077,0.133282183,0.175209518,0.302132016,0.425182632,0.754053983,0.997256559,1.319573118,1.406360688,1.75,1.95,3,5,7.1958,9.6,12.2,14.99677482,17.99032446
Individuals using the Internet (% of population),IT.NET.USER.ZS,Turks and Caicos Islands,TCA,..,..,..,..,..,..,..,..,..,..,..,..,..,..,..,..,..,..,..,..,..
Individuals using the Internet (% of population),IT.NET.USER.ZS,Tuvalu,TUV,..,..,..,..,5.241639585,5.7,6.3,6.9,7.6,8.3,9.1,10,11.2,12.8,14.6,16.5,18.7,21.2,24.1,27.3,31
Individuals using the Internet (% of population),IT.NET.USER.ZS,Uganda,UGA,0.004625948,0.010319341,0.065289465,0.10554394,0.163714063,0.237945087,0.384093505,0.46484984,0.71997068,1.742205503,2.529363038,3.671965351,3.88,4.1,4.3,4.6,4.8,5.1,5.4,5.8,5.9
Individuals using the Internet (% of population),IT.NET.USER.ZS,Ukraine,UKR,0.098580381,0.198821885,0.301075792,0.405385448,0.716183762,1.238759547,1.873885116,3.148127588,3.489477881,3.749764415,4.506124564,6.55,11,17.9,23.3,28.70826284,35.27,40.954129,46.23597546,48.88464368,53.0009696
Individuals using the Internet (% of population),IT.NET.USER.ZS,United Arab Emirates,ARE,0.375393534,3.295592694,6.908302986,14.94269899,23.62530088,26.2717542,28.31648531,29.47795341,30.13129617,40,52,61,63,64,68,78,84.9999915,88,90.4,90.5,90.60000732
Individuals using the Internet (% of population),IT.NET.USER.ZS,United Kingdom,GBR,4.123650336,7.385398957,13.6699831,21.29363827,26.82175435,33.48109487,56.48,64.82,65.61,70,68.82,75.09,78.39,83.56,85,85.37999855,87.47999842,89.8441,91.61,92.00029987,94.77580063
Individuals using the Internet (% of population),IT.NET.USER.ZS,United States,USA,16.41935296,21.61640097,30.09319659,35.84872446,43.07916264,49.08083159,58.78540388,61.69711712,64.75825648,67.96805292,68.93119327,75,74,71,71.69,69.72946076,74.7,71.4,73,74.55420245,85.54442129
Individuals using the Internet (% of population),IT.NET.USER.ZS,Uruguay,URY,1.847472089,3.363239668,6.987069365,9.972765285,10.53905775,11.12143768,11.4194702,15.93713672,17.06309834,20.08818956,29.4,34,39.3,41.8,46.4,51.40466106,54.45376868,57.69,61.46,64.5707871,66.4
Individuals using the Internet (% of population),IT.NET.USER.ZS,Uzbekistan,UZB,0.004285074,0.010536935,0.020754437,0.030688343,0.484347308,0.597567994,1.081939742,1.912595178,2.593725421,3.343509888,6.388321967,7.490604681,9.080114523,11.9,15.9,18.6,23.6,26.8,35.5,42.8,46.79128694
Individuals using the Internet (% of population),IT.NET.USER.ZS,Vanuatu,VUT,0.056845636,0.139505815,0.274185942,0.538300048,2.108336891,2.830572239,3.510038711,3.903295845,4.746602619,5.082333808,5.850585059,6.8,7.269119923,7.5,8,9.2,10.598,11.3,18.8,22.35140458,24
Individuals using the Internet (% of population),IT.NET.USER.ZS,"Venezuela, RB",VEN,0.24826058,0.390959318,1.383990391,2.839825767,3.359597465,4.636000948,4.910446327,7.499963465,8.404469592,12.55299791,15.22471148,20.83,25.88,32.7,37.37,40.22,49.05008307,54.9,57,58,60
Individuals using the Internet (% of population),IT.NET.USER.ZS,Viet Nam,VNM,0.000134813,0.003981962,0.013078543,0.128926663,0.254248276,1.265651236,1.854999236,3.780280814,7.642408528,12.73992929,17.25456172,20.75544477,23.92,26.55,30.65,35.07,36.8,38.5,41,45,53
Individuals using the Internet (% of population),IT.NET.USER.ZS,Virgin Islands (U.S.),VIR,4.647185664,6.948368986,9.245220221,11.07460593,13.81508054,18.37576604,27.49443238,27.42907299,27.37700879,27.34431967,27.33261054,27.33933584,27.36177742,27.39650968,31.22,35.6,40.5479,45.3,50.07,54.8391373,59.6083158
Individuals using the Internet (% of population),IT.NET.USER.ZS,West Bank and Gaza,PSE,..,..,..,..,1.111306207,1.836854839,3.100092235,4.130616356,4.400904826,16.005,18.41,21.176,24.358,32.23,37.4,41.08,43.4,46.6,53.67,56.7,59.9
Individuals using the Internet (% of population),IT.NET.USER.ZS,"Yemen, Rep.",YEM,0.000621081,0.015025295,0.023323243,0.056628675,0.082500387,0.090802459,0.518796032,0.6047341,0.881222989,1.048597934,1.247824049,5.01,6.89,9.96,12.35,14.905,17.4465,20,22.55,24.08540947,24.57920836
Individuals using the Internet (% of population),IT.NET.USER.ZS,Zambia,ZMB,0.009069176,0.009329658,0.030226183,0.147053172,0.191071643,0.233129556,0.477750907,0.980483039,1.1,1.3,1.6,1.9,2.2,2.5,3,3.5,4.1,4.8,6.5,8.8,10.3
Individuals using the Internet (% of population),IT.NET.USER.ZS,Zimbabwe,ZWE,0.016790484,0.033080327,0.081648476,0.161675528,0.401433535,0.799846046,1.1,1.8,2.1,2.4,2.4,3,3.5,4,6.4,8.4,12,15.5,16.36473996,22.7428181,23.11998904
Individuals using the Internet (% of population),IT.NET.USER.ZS,Africa Eastern and Southern,AFE,0.112752212160974,0.213192402155205,0.386772416959473,0.569512051222246,0.77421755469409,0.961552005089705,1.1316294433033,1.43039835507724,1.71604667481381,1.8055231421271,2.05810176814815,2.7732738256208,2.69414978147317,3.20741617179148,5.29697361379769,6.80275022096875,8.53475011696143,10.1269454655226,12.2377157932034,14.4858491534531,15.753329822739
Individuals using the Internet (% of population),IT.NET.USER.ZS,Africa Western and Central,AFW,0.0070178877270851,0.0199454592058786,0.0356483338548163,0.0865832729233697,0.139444898636359,0.21015312440225,0.412121735356163,0.657937928967395,1.17631825716585,2.32241581377363,3.45834089338183,4.23339885847179,4.98553994993049,5.80373621795227,7.24253015229823,8.66493595574041,10.2936544981934,12.5777557951493,14.923440708625,18.1094850427716,22.8697496052977
Individuals using the Internet (% of population),IT.NET.USER.ZS,Arab World,ARB,0.0402727667612479,0.141948279814273,0.283811604320554,0.644800202411028,1.21705641649358,1.6399570540869,2.79782204919422,3.77037813690713,7.25012731787422,8.61472994617376,11.5893486742988,14.3537690407378,18.5565409803174,21.5084930715263,25.6809726220511,27.5480357963057,30.7954873267533,33.9101316977464,37.6559500541718,41.3816170535244,41.5291955662799
Individuals using the Internet (% of population),IT.NET.USER.ZS,Caribbean small states,CSS,0.554797615341669,0.905159623377401,1.94598223850314,2.98136622734359,4.27526801295961,6.9650772413507,10.7297873765502,13.5802130937993,15.4668169704305,17.9976297321287,20.8812530892655,24.5358967891163,27.7220736914607,31.9215550409585,35.5878399306838,42.3522788575112,42.68829843264,45.157611799074,48.4690090248102,50.6767234779453,53.0423750182494
Individuals using the Internet (% of population),IT.NET.USER.ZS,Central Europe and the Baltics,CEB,1.07002085831506,1.79447190881875,3.51458249194234,4.96572509041927,7.05543729111849,10.2402887077648,18.2645610199556,22.613612225965,29.2752073803138,34.7751428190142,40.8344016365848,45.3137669893418,50.7054902471686,55.1138437037061,58.6002660853537,59.1190792926196,61.7140262966908,63.4541012148942,66.4752221974224,67.3429671349962,71.3428544464196
Individuals using the Internet (% of population),IT.NET.USER.ZS,Early-demographic dividend,EAR,0.0807981320297936,0.163242999183605,0.34241108256208,0.61076342499688,1.22864084631417,1.68223517666145,2.82617827214833,3.40167245788165,4.21604395320019,4.88424732460871,5.76282042967904,7.32827572615161,8.49037598709249,9.67766243615874,12.7905077238797,15.3433641912323,17.0745849373152,18.962083176027,21.4347535381453,24.4198893347292,27.1275171973146
Individuals using the Internet (% of population),IT.NET.USER.ZS,East Asia & Pacific,EAS,0.471907394561889,1.09402129914577,1.90245757483111,3.44265071535308,5.63798367692007,7.31672738237629,9.06451819738841,10.6115698324313,12.6660213096383,14.7308561173454,16.6757061814561,20.8088442353852,25.2751196624669,29.5132515434884,34.2289324762407,37.3541291277533,40.4039241799915,43.2619699298617,46.0587041746942,48.8624168529049,52.2355009679837
Individuals using the Internet (% of population),IT.NET.USER.ZS,East Asia & Pacific (excluding high income),EAP,0.0338077118690688,0.094710332976236,0.324281152975068,0.85290564761046,1.89206827505398,2.77906316527428,4.40207398289962,5.75384687141817,6.87450148277054,8.31294615731524,10.1669418655612,14.3659625209233,19.2288455782332,23.7212486874798,28.9159054067187,32.3378010961006,35.6916864340249,38.257882381854,41.1713473674279,44.1188770145273,47.6528246167361
Individuals using the Internet (% of population),IT.NET.USER.ZS,East Asia & Pacific (IDA & IBRD countries),TEA,0.0338077118690688,0.0959866028300416,0.328631508382432,0.864039264095181,1.91735171674583,2.81515384761642,4.45901842619512,5.82819761367453,6.96321551491921,8.42001224035933,10.297524743406,14.5495856391645,19.4736751392307,24.0220802784506,29.2810420774095,32.7444260742306,36.1383467724071,38.7347318202187,41.1713473674279,44.1188770145273,47.6528246167361
Individuals using the Internet (% of population),IT.NET.USER.ZS,Euro area,EMU,2.87856699970476,5.09444021365788,7.99792240737067,15.1986295142739,22.4740885951831,27.3121305264591,35.1013016261097,42.0126090048341,47.3736061251911,51.1518825534568,54.9147852156755,61.3684975847189,64.8579045839639,67.2233167712548,71.083958058367,71.9869726911287,74.0951705993693,75.8397673883295,77.0884578635576,77.4959155474625,77.9942346239735
Individuals using the Internet (% of population),IT.NET.USER.ZS,Europe & Central Asia,ECS,1.8340968855601,3.34219650806855,5.41187556498978,9.20225391496979,13.1269849570893,16.3362483570308,22.9568093040894,28.2521619505244,32.2374688266742,35.0943891993223,37.9808567442473,43.5834196582204,48.1393838085669,52.7337135137461,57.0336545120416,60.1892397510955,63.8728105231336,66.1819114590199,68.8333563643577,69.8809310797798,72.3127037995701
Individuals using the Internet (% of population),IT.NET.USER.ZS,Europe & Central Asia (excluding high income),ECA,0.185724699922932,0.354782057494208,0.574485807653625,1.0064637582031,1.87179008075963,2.77987659018968,4.9289376510154,7.19901646841153,10.4491075259066,11.8939992952503,14.422095640026,19.893802753713,25.3509711277993,32.0535892384425,37.5986569139357,43.8856835576246,49.6834735969349,52.6783857183831,56.7145161403676,58.6032633019085,62.4048787150776
Individuals using the Internet (% of population),IT.NET.USER.ZS,Europe & Central Asia (IDA & IBRD countries),TEC,0.298718443413076,0.535307742765141,1.01751089946996,1.5292879792585,2.49890467085291,3.60470064928487,6.61026813946281,9.12232175199336,12.9250947066374,15.0176218643343,17.80240609988,23.0267435544169,28.3021224398018,34.7986628818817,40.0456621497032,45.413967909154,50.7225669260853,53.5578011067469,57.5597530689218,59.3850310123345,63.2978602831575
Individuals using the Internet (% of population),IT.NET.USER.ZS,European Union,EUU,2.62316872089431,4.79962944239201,7.68877294472352,13.633009541561,19.6563978609869,24.1363027449433,32.1346119415683,38.6023062919444,44.1830194770041,48.296636850964,52.6079026854275,58.2925271018834,62.2982306003916,65.0813308072126,68.7339429010601,69.6348211328313,71.8285879616531,73.5875965192457,75.1709468103437,75.6587201893086,76.9099741593507
Individuals using the Internet (% of population),IT.NET.USER.ZS,Fragile and conflict affected situations,FCS,0.0290520337146699,0.062514492723742,0.141760953665988,0.244032693601989,0.377039960573561,0.4486203475446,0.704178801668812,1.07255860136106,1.45508854049865,2.33237169747818,3.19367844887002,4.35885350043924,5.24593018647218,6.71399709816968,8.39779070281879,9.78227239169544,11.7886770595844,13.6307409034446,15.8278752122596,18.3922627201331,20.7278310730839
Individuals using the Internet (% of population),IT.NET.USER.ZS,Heavily indebted poor countries (HIPC),HPC,0.0089585611327217,0.0244815608325283,0.0447615667953897,0.10255838788538,0.166352362628798,0.241747305268075,0.397878366019733,0.610217895246537,0.900968414152609,1.17934642896491,1.50058628876907,2.25018331149782,2.21014079199186,2.71750272265,3.37818291622162,3.98218890162645,4.96572872503075,6.0194609894188,7.8852559383024,10.4275052998488,13.4651485943384
Individuals using the Internet (% of population),IT.NET.USER.ZS,High income,HIC,6.49334760453548,10.2516449859142,15.4348771791184,22.2882289431908,29.8971352523743,35.8607494017376,44.1541172800678,48.8329724650583,54.0430496521133,57.8132788035124,60.5557885264733,65.920184536373,68.0786554956527,69.3932555773598,71.501698451701,72.0383931362118,74.7977019147034,76.2012435946273,77.8954578314778,79.3691617735742,83.7297663539817
Individuals using the Internet (% of population),IT.NET.USER.ZS,IBRD only,IBD,0.11122144187709,0.219772828909465,0.495704095042832,0.97126919343045,1.87153107733135,2.69031234066362,4.49895814711115,5.77842665726955,7.40328727400974,8.7061854789498,10.546427390259,13.7529865901683,17.1219544429935,20.7145563913462,24.991151320072,28.5772702865549,31.5726845642939,34.0072157192162,36.3752706095318,39.1766658403448,42.0791130421578
Individuals using the Internet (% of population),IT.NET.USER.ZS,IDA & IBRD total,IBT,0.0937697294946562,0.180399811756634,0.403058603404815,0.780804770596441,1.55928525664945,2.18536406076434,3.66326558927596,4.77435920039702,6.11630351434204,7.22575566905944,8.83114572499135,11.4011584705288,14.1492919453203,17.0528140655198,20.578369716945,23.4501207253822,25.9571218731945,28.0726119036862,30.3602922839194,32.9963546459614,35.7881541700854
Individuals using the Internet (% of population),IT.NET.USER.ZS,IDA blend,IDB,0.00709212038600417,0.0254592146061934,0.0431499209115174,0.0753420955296496,..,0.73926374644698,1.45667224165685,2.8012499545251,3.59492267336225,4.50970452353962,5.51705527552858,6.25819041579428,6.97327244220409,7.93000028481373,9.3239548038468,10.5320323708447,12.0701727435082,14.1397575260793,16.3891707929366,18.7759595665854,21.1661665211777
Individuals using the Internet (% of population),IT.NET.USER.ZS,IDA only,IDX,..,0.0187698981411099,0.0384483666748696,0.0803696990130313,0.149425562227229,0.216262261052851,0.371623684952799,0.559513592778798,0.777640679167043,1.04955502105013,1.5080951286198,2.35279124845036,2.55075322689787,3.1516464592581,4.02523789159058,4.72829242129932,5.64583687809397,6.77054332618893,9.46786670398138,11.8011728750772,15.4074316130424
Individuals using the Internet (% of population),IT.NET.USER.ZS,IDA total,IDA,0.00710871379328217,0.0212037054272765,0.0401289196575593,0.0786588495427369,0.166397072016145,0.391979946847692,0.736774552703198,1.31499340643457,1.72721776763593,2.21891677989603,2.9064221046199,3.66650656600209,4.10067895850976,4.82853223692192,5.90349062985561,6.76800587354559,7.90306706280386,9.33889492029588,11.8442930748988,14.1930727927621,17.3297834284384
Individuals using the Internet (% of population),IT.NET.USER.ZS,Late-demographic dividend,LTE,0.141945645922855,0.27240310466115,0.634710524068945,1.27260587036424,2.477377755585,3.56735593324093,5.93000074041484,8.04910652797269,10.4041324855878,12.3105104229555,15.1656562705677,20.0017274584459,25.747295906447,31.7189972551065,36.6645467356039,40.8691856028227,45.086100974081,48.0297469598474,50.7479519215402,53.3728172916007,56.7837950899934
Individuals using the Internet (% of population),IT.NET.USER.ZS,Latin America & Caribbean,LCN,0.310107972255471,0.609109287931542,1.22927428974655,2.04883890093369,3.8756083069587,5.61778512725218,8.8465905032673,11.2630147022872,14.3986124340661,16.6146917584606,20.7562854043012,23.7329572098945,26.5418650022178,31.0708024816535,34.7354093492444,39.3707411450824,43.199846762631,46.2625460441271,48.8103323120648,54.4019898268643,57.5443577864994
Individuals using the Internet (% of population),IT.NET.USER.ZS,Latin America & Caribbean (excluding high income),LAC,0.287630412146769,0.575713484732804,1.13768849257186,1.8330911546948,3.35375778072142,5.06480369019646,8.48661942164373,10.8540029678684,14.164038913097,16.2680292032468,20.502279866484,23.3723049589891,25.9729285503837,30.3915355376346,34.0145528168315,38.6806781557277,42.2111392668873,45.1522649048478,47.7302169874854,53.3581292076205,56.4425206208319
Individuals using the Internet (% of population),IT.NET.USER.ZS,Latin America & the Caribbean (IDA & IBRD countries),TLA,0.314527848627125,0.61391698904408,1.23802915001661,2.05911716003206,3.8920368142382,5.62958404250136,8.86988667735401,11.3046950237852,14.4424949701163,16.6811807513414,20.8961573983554,23.9263463849827,26.7107845204034,31.3098323080283,35.0107408710401,39.7339541927902,43.4241581824147,46.4372975467738,49.0243584986515,54.6361547348161,57.7165560465349
Individuals using the Internet (% of population),IT.NET.USER.ZS,Least developed countries: UN classification,LDC,..,0.00865715710571046,0.0214234828910265,0.0583640495528627,0.0999375059934542,0.144726917371825,0.234528820450362,0.353430074637943,0.53677938916184,0.752717786272476,1.06929012315664,1.79065314364837,1.89513640171079,2.39720123341668,3.1086148563559,3.77490187694547,4.66834662404468,5.81303866802882,8.64132687070665,10.7336562177013,13.7115904277684
Individuals using the Internet (% of population),IT.NET.USER.ZS,Low & middle income,LMY,0.0774120502922747,0.15422211334463,0.343952557429888,0.6973388595318,1.41944715166935,2.01928073589914,3.41559045506974,4.47899968324168,5.74906516659865,6.7844317274437,8.32934880383778,10.865010178946,13.5670560247111,16.4104657052289,19.9180449699122,22.799149844062,25.2791580346727,27.3829833012761,29.7778733140848,32.4098177877271,35.1907088391709
Individuals using the Internet (% of population),IT.NET.USER.ZS,Low income,LIC,0.00182099512499603,0.0101744972077006,0.0239085311647354,0.052656654858447,0.0787762125674839,0.120970594672192,0.289827768612154,0.419329518128126,0.579843960292014,0.863083514070311,1.13437674437108,2.14274255156741,2.11975597008506,2.77800515353334,3.4296773533493,3.90709591085986,4.74737357260818,5.50409122045338,7.12089971202439,9.07002826887622,10.857785612819
Individuals using the Internet (% of population),IT.NET.USER.ZS,Lower middle income,LMC,0.0354967441582187,0.0626393268272677,0.148602841878724,0.27242222322506,0.54291045259511,0.785131779938862,1.61851756632679,2.20361720234418,3.09295137165489,3.78396401858109,4.58470021117018,5.72409927590367,6.69100447124227,7.88850294840268,10.5303665329644,12.7373509656152,14.2397493039722,16.0977398756942,18.5188218761091,20.7854820473987,23.8092437923359
Individuals using the Internet (% of population),IT.NET.USER.ZS,Middle East & North Africa,MEA,0.0855682555655811,0.233500279876253,0.498478320200518,0.941980080601395,1.72761234076841,2.10762058723123,3.77705516201417,5.13450947269172,8.40927483363078,9.77581404056184,11.7905987459306,15.0748756272269,18.7818852111067,21.6531700453725,24.8581506710893,27.7700419898968,31.213209809802,35.1520914658839,40.0795625737973,44.3547505007779,48.4087646520921
Individuals using the Internet (% of population),IT.NET.USER.ZS,Middle East & North Africa (excluding high income),MNA,0.0268616967123388,0.0800187047906458,0.170264117237799,0.438810677556282,0.870391748984154,1.1573394727419,2.81857476208529,4.04197759041443,7.48520278495583,8.59491634162379,9.97440609949533,11.9728496802618,15.0892988905423,17.7877581876243,20.7171003243271,23.001539554732,25.9917922814774,29.6976203979222,34.7631527805877,39.0531534279351,43.1275616539071
Individuals using the Internet (% of population),IT.NET.USER.ZS,Middle East & North Africa (IDA & IBRD countries),TMN,0.0268616967123388,0.0800187047906458,0.170264117237799,0.438810677556282,0.867364674971887,1.14949572990155,2.81531473224846,4.04095061651503,7.52090877347345,8.50901699757936,9.87618685764953,11.8649887154913,14.9798498375452,17.6160477341051,20.5177527974921,22.7845737152383,25.7821137395735,29.4936729415444,34.5347066716139,38.8357626359332,42.9199062589646
Individuals using the Internet (% of population),IT.NET.USER.ZS,Middle income,MIC,0.0824797174586938,0.165166879885816,0.368472703861266,0.746700708718559,1.52810170338753,2.17564481083554,3.67720834316665,4.82395567823791,6.19421790527863,7.297869070112,8.90590500996604,11.6570781583802,14.5559510989034,17.6071743012188,21.3507309236306,24.5111355717892,27.1676842108564,29.4658203144832,31.8508366191859,34.5771431510436,37.6551160974045
Individuals using the Internet (% of population),IT.NET.USER.ZS,North America,NAC,15.4621295496354,20.9701083855867,29.581811690027,35.8826876173092,43.8846553103943,50.1695828638859,59.0591630866193,61.9412884922692,64.8748010131832,68.3289552761763,69.2709210086274,74.8236553390663,74.2661395302531,71.9153348849765,72.5393948181711,71.0407485312046,75.5224020505971,72.8285798817087,74.4025684229669,76.0897390827157,86.1046615931719
Individuals using the Internet (% of population),IT.NET.USER.ZS,Not classified,INX,..,..,..,..,..,..,..,..,..,..,..,..,..,..,..,..,..,..,..,..,..
Individuals using the Internet (% of population),IT.NET.USER.ZS,OECD members,OED,5.89657620588731,9.23330736375979,13.8317435050697,19.9824298989794,26.977549284915,32.3282793724703,40.2291328434299,44.3748736469167,49.0693046315525,52.6320101108423,55.1843710640448,60.4995607291072,62.6217643735992,64.150364802876,66.5616360115299,67.5416961974207,70.1931882086105,71.529156133675,73.1352703768472,75.678338922766,79.8591168820483
Individuals using the Internet (% of population),IT.NET.USER.ZS,Other small states,OSS,0.845440586154307,1.45436612892865,2.49195145256516,3.2994313289233,5.31221054704077,6.55546479948952,8.49213012572678,9.77761812828775,11.4875311595228,12.7510733874847,14.1358978965896,15.975660220386,18.558521470283,20.4774723386441,23.8517621013314,27.2476416266817,30.5085882958987,35.4039987930709,39.422868378582,43.3716923471294,47.3771914478235
Individuals using the Internet (% of population),IT.NET.USER.ZS,Pacific island small states,PSS,0.132181306345431,0.285948065314149,0.611475105390706,0.869306093073965,1.4567183606461,1.88046779296674,4.00181686896389,4.56452278663028,5.19942823962981,5.63056249809157,6.55227336218834,7.44721913127485,8.73199965910969,10.9042809659244,12.9845872520815,17.6429539856988,20.6880193209782,21.9648244991384,24.6382986022511,27.8871235790206,31.942898513633
Individuals using the Internet (% of population),IT.NET.USER.ZS,Post-demographic dividend,PST,6.80185780427062,10.6511348518541,15.8764996502362,22.8970916477078,30.5391674566413,36.6397357542189,44.6878224739004,49.7834196514628,54.9729518709837,58.5016687047896,60.4356553479475,65.678878607445,67.6688864116142,68.8882551686762,70.9817321029504,71.3990681585279,74.2081242577465,75.6969819554253,77.3696289268783,78.6799700498259,83.1812572109828
Individuals using the Internet (% of population),IT.NET.USER.ZS,Pre-demographic dividend,PRE,0.00487431196990747,0.0140708305362041,0.0288824112538799,0.07413610007805,0.124009808614737,0.187167964364056,0.361293882390239,0.64065707844696,0.96706262585864,1.68796379640438,2.40087470688808,3.16928297380405,3.40978199662417,4.01929729598228,5.03160260649462,6.08135442664282,7.32211829825724,8.81810366428969,10.9052445728192,12.8868725637569,15.9076820863645
Individuals using the Internet (% of population),IT.NET.USER.ZS,Small states,SST,0.71458639350455,1.24126856541821,2.22792775916275,3.05343308025286,4.79832718514821,6.31201276544655,8.67746974856235,10.2246088990241,11.9130883536362,13.3864099834775,15.0415428441469,17.1744025157816,19.7724364436029,22.1449961910107,25.4683532812363,29.5741191513317,32.2358948877526,36.4194353921808,40.2043424032662,43.7717254007368,47.4698158396443
Individuals using the Internet (% of population),IT.NET.USER.ZS,South Asia,SAS,0.0405637481805442,0.0600382436706591,0.116990401523534,0.226072840294976,0.475420661844925,0.67068291101365,1.47690181466886,1.87425117307681,2.22430759837525,2.58691677115274,3.02063649719987,4.00762401449404,4.43226331913669,5.14247314120649,7.1692075913464,9.22073937359425,10.0980444993938,11.3030458223026,12.8305507094651,14.1987495019925,16.2037129165709
Individuals using the Internet (% of population),IT.NET.USER.ZS,South Asia (IDA & IBRD),TSA,0.0405637481805442,0.0600382436706591,0.116990401523534,0.226072840294976,0.475420661844925,0.67068291101365,1.47690181466886,1.87425117307681,2.22430759837525,2.58691677115274,3.02063649719987,4.00762401449404,4.43226331913669,5.14247314120649,7.16920759134639,9.22073937359425,10.0980444993938,11.3030458223026,12.8305507094651,14.1987495019925,16.2037129165709
Individuals using the Internet (% of population),IT.NET.USER.ZS,Sub-Saharan Africa,SSF,0.0723178856418829,0.135088535529205,0.244727114553212,0.373976532861205,0.516909537706238,0.656544940051198,0.839168617392893,1.11483294800094,1.49527027233515,2.01588847155429,2.65915703173474,3.36999838568923,3.669101868449,4.31299810023941,6.13796784399575,7.59663525203002,9.28488742007677,11.1593890969573,13.3689854263355,16.0117099299336,18.6363083075504
Individuals using the Internet (% of population),IT.NET.USER.ZS,Sub-Saharan Africa (excluding high income),SSA,0.072239921157922,0.134945763092731,0.24444651395623,0.373264209407416,0.51608145917158,0.655311985260344,0.837585115247032,1.11326183139986,1.49265011420369,2.0132204805788,2.65532577778128,3.3661405682563,3.66493829912678,4.31299810023942,6.13405945063333,7.59275285086043,9.2808102353621,11.1552596965179,13.3650541796102,16.0077986869433,18.6326338422342
Individuals using the Internet (% of population),IT.NET.USER.ZS,Sub-Saharan Africa (IDA & IBRD countries),TSS,0.0723178856418828,0.135088535529205,0.244727114553212,0.373976532861205,0.516909537706239,0.656544940051198,0.839168617392893,1.11483294800094,1.49527027233515,2.01588847155429,2.65915703173474,3.36999838568923,3.669101868449,4.31299810023941,6.13796784399575,7.59663525203002,9.28488742007677,11.1593890969573,13.3689854263355,16.0117099299336,18.6363083075504
Individuals using the Internet (% of population),IT.NET.USER.ZS,Upper middle income,UMC,0.121833086764281,0.258367106201605,0.572192215928892,1.19954303051395,2.39331538440819,3.51520738824091,5.68055058511595,7.41568211143194,9.27827430018105,10.8143706580341,13.251430133901,17.6818890357646,22.5437093982736,27.5534189302601,32.5114999014179,36.7519903556915,40.7059230585659,43.5634122580291,46.1066431020146,49.4666579151593,52.7127167121665
Individuals using the Internet (% of population),IT.NET.USER.ZS,World,WLD,1.32656715777098,2.04269705765004,3.14057959772322,4.63290278425647,6.74371951164793,8.05355597290396,10.5185284204174,12.195854587379,14.0818185720611,15.6746614701687,17.4264207150172,20.3545368455848,23.0068355018592,25.560005264161,28.7976530775359,31.2119650923936,33.7133614270398,35.6492575186719,37.8807809660353,40.2700586394911,43.2159802414783
,,,,,,,,,,,,,,,,,,,,,,,,
,,,,,,,,,,,,,,,,,,,,,,,,
,,,,,,,,,,,,,,,,,,,,,,,,
Data from database: World Development Indicators,,,,,,,,,,,,,,,,,,,,,,,,
Last Updated: 12/18/2023,,,,,,,,,,,,,,,,,,,,,,,,
